{
	"MIN": 90.12345679012346,
	"MAX": 90.12345679012346,
	"SORT": 97.53086419753086,
	"STR_SEARCH": 90.12345679012346,
	"ROTATE_ARRAY": 74.07407407407408,
	"FIB": 98.76543209876543,
	"PALIN": 100.0,
	"POW": 100.0,
	"UGLY_NUM": 98.76543209876543,
	"SIEVE": 46.913580246913575,
	"SQRT": 100.0,
	"REVERSE_INTEGER": 100.0,
	"CATALAN_NUM": 100.0,
	"ANAGRAM": 100.0,
	"JUMP_GAME": 83.9506172839506,
	"COIN_CHANGE": 98.76543209876543,
	"COUNT_ISLANDS": 86.41975308641975,
	"CYCLE_GRAPH": 83.9506172839506,
	"CYCLE_LL": 100.0,
	"REVERSE_LL": 77.77777777777779,
	"INORDER_TRAVERSAL": 65.4320987654321,
	"VALID_BST": 85.18518518518519,
	"HEIGHT_BT": 72.8395061728395,
	"MAX_PATH_SUM_BT": 69.1358024691358,
	"LEVELORDER_TRAVERSAL": 100.0,
	"SUDOKU": 100.0
}