{"canFinish": 0.625, "solveSudoku": 0.6666666666666666, "canJump": 0.8571428571428571, "myPow": 0.6, "coinChange": 0.6, "countPrimes": 0.7777777777777778, "fib": 0.8, "isPalindrome": 0.625, "numTrees": 0.5714285714285714, "hasCycle": 1.0, "reverseList": 0.8888888888888888, "inorderTraversal": 1.0, "isValidBST": 0.7142857142857143, "isAnagram": 0.875, "mySqrt": 0.5555555555555556, "isUgly": 0.8333333333333334, "levelOrder": 0.8333333333333334, "maxDepth": 0.75, "strStr": 0.625, "maxPathSum": 1.0, "reverse": 0.8, "numIslands": 0.8333333333333334, "restoreIPAddresses": 1.0, "rotate": 1.0, "sortArray": 0.6}