{"canFinish": 0.8571428571428571, "canJump": 0.625, "countPrimes": 0.375, "maxDepth": 0.375, "coinChange": 0.8, "fib": 0.8333333333333334, "numTrees": 0.2, "strStr": 0.3333333333333333, "maxPathSum": 0.4, "hasCycle": 0.8333333333333334, "isUgly": 0.8571428571428571, "reverseList": 0.875, "inorderTraversal": 1.0, "levelOrder": 0.6666666666666666, "isValidBST": 0.4166666666666667, "isAnagram": 1.0, "mySqrt": 0.36363636363636365, "isPalindrome": 1.0, "restoreIPAddresses": 0.7142857142857143, "numIslands": 1.0, "solveSudoku": 0.75, "sortArray": 0.45454545454545453, "reverse": 1.0, "rotate": 1.0}